Precio,Tipo de Propiedad,Exterior,Habitaciones,Baños,Provincia,Mostrar Dirección,Tiene Video,Tiene Plano,Tiene 360,Ascensor,Tamaño_robust,Distancia_robust
750.0,0.8693181818181818,0.8210227272727273,0.3210227272727273,0.8693181818181818,0.8806818181818182,0.23863636363636365,0.6846590909090909,0.6505681818181818,0.7727272727272727,0.5596590909090909,0.03333333333333333,-0.2794037969169969
750.0,0.8693181818181818,0.8210227272727273,0.38920454545454547,0.8693181818181818,0.8806818181818182,0.7613636363636364,0.3153409090909091,0.3494318181818182,0.7727272727272727,0.4403409090909091,0.36666666666666664,0.1076395159833845
450.0,0.8693181818181818,0.8210227272727273,0.38920454545454547,0.8693181818181818,0.11931818181818182,0.7613636363636364,0.6846590909090909,0.6505681818181818,0.7727272727272727,0.4403409090909091,0.03333333333333333,1.046436273624494
590.0,0.8693181818181818,0.8210227272727273,0.1590909090909091,0.13068181818181818,0.8806818181818182,0.7613636363636364,0.6846590909090909,0.6505681818181818,0.7727272727272727,0.4403409090909091,0.36666666666666664,1.8265996664152386
600.0,0.8693181818181818,0.8210227272727273,0.38920454545454547,0.8693181818181818,0.8806818181818182,0.7613636363636364,0.6846590909090909,0.6505681818181818,0.7727272727272727,0.4403409090909091,0.4666666666666667,0.996504796608909
550.0,0.8693181818181818,0.8210227272727273,0.1590909090909091,0.8693181818181818,0.11931818181818182,0.7613636363636364,0.6846590909090909,0.6505681818181818,0.7727272727272727,0.4403409090909091,1.0333333333333334,0.9355246523388117
550.0,0.8693181818181818,0.8210227272727273,0.3210227272727273,0.8693181818181818,0.8806818181818182,0.7613636363636364,0.6846590909090909,0.6505681818181818,0.7727272727272727,0.4403409090909091,-0.2,-0.4081207704320666
700.0,0.13068181818181818,0.8210227272727273,0.13068181818181818,0.8693181818181818,0.8806818181818182,0.23863636363636365,0.6846590909090909,0.3494318181818182,0.7727272727272727,0.4403409090909091,-1.0333333333333334,-0.34178627203093626
700.0,0.8693181818181818,0.17897727272727273,0.3210227272727273,0.8693181818181818,0.8806818181818182,0.7613636363636364,0.6846590909090909,0.6505681818181818,0.7727272727272727,0.4403409090909091,-0.4666666666666667,-0.49149571332957964
550.0,0.8693181818181818,0.8210227272727273,0.38920454545454547,0.8693181818181818,0.8806818181818182,0.23863636363636365,0.6846590909090909,0.6505681818181818,0.7727272727272727,0.4403409090909091,-0.16666666666666666,0.5363278054584666
695.0,0.8693181818181818,0.8210227272727273,0.38920454545454547,0.8693181818181818,0.8806818181818182,0.23863636363636365,0.6846590909090909,0.6505681818181818,0.7727272727272727,0.4403409090909091,0.16666666666666666,0.09072655610916933
650.0,0.8693181818181818,0.8210227272727273,0.38920454545454547,0.8693181818181818,0.8806818181818182,0.7613636363636364,0.6846590909090909,0.6505681818181818,0.7727272727272727,0.4403409090909091,0.3,1.2237673830594185
700.0,0.8693181818181818,0.17897727272727273,0.3210227272727273,0.8693181818181818,0.8806818181818182,0.7613636363636364,0.6846590909090909,0.6505681818181818,0.7727272727272727,0.5596590909090909,-0.9666666666666667,-0.44045936958854337
700.0,0.8693181818181818,0.17897727272727273,0.3210227272727273,0.8693181818181818,0.8806818181818182,0.7613636363636364,0.6846590909090909,0.6505681818181818,0.7727272727272727,0.4403409090909091,-0.8,-0.4979549341860638
700.0,0.8693181818181818,0.8210227272727273,0.3210227272727273,0.8693181818181818,0.8806818181818182,0.7613636363636364,0.3153409090909091,0.6505681818181818,0.7727272727272727,0.5596590909090909,-0.5333333333333333,-0.38967799509184203
650.0,0.8693181818181818,0.8210227272727273,0.38920454545454547,0.8693181818181818,0.8806818181818182,0.23863636363636365,0.6846590909090909,0.6505681818181818,0.7727272727272727,0.4403409090909091,0.03333333333333333,-0.4090981525353504
700.0,0.8693181818181818,0.8210227272727273,0.1590909090909091,0.13068181818181818,0.8806818181818182,0.7613636363636364,0.6846590909090909,0.6505681818181818,0.7727272727272727,0.4403409090909091,1.5333333333333334,1.2914617174303349
695.0,0.8693181818181818,0.17897727272727273,0.3210227272727273,0.8693181818181818,0.8806818181818182,0.7613636363636364,0.6846590909090909,0.3494318181818182,0.7727272727272727,0.5596590909090909,-0.6333333333333333,-0.4819343666670208
675.0,0.8693181818181818,0.8210227272727273,0.3210227272727273,0.8693181818181818,0.8806818181818182,0.7613636363636364,0.6846590909090909,0.6505681818181818,0.7727272727272727,0.4403409090909091,-0.6333333333333333,0.4225690276110444
750.0,0.13068181818181818,0.17897727272727273,0.13068181818181818,0.8693181818181818,0.8806818181818182,0.7613636363636364,0.3153409090909091,0.6505681818181818,0.7727272727272727,0.5596590909090909,-0.4666666666666667,-0.5347979899924572
750.0,0.8693181818181818,0.8210227272727273,0.1590909090909091,0.13068181818181818,0.8806818181818182,0.7613636363636364,0.6846590909090909,0.6505681818181818,0.7727272727272727,0.5596590909090909,1.3333333333333333,1.2697468367878124
680.0,0.8693181818181818,0.17897727272727273,0.3210227272727273,0.8693181818181818,0.8806818181818182,0.23863636363636365,0.6846590909090909,0.6505681818181818,0.7727272727272727,0.5596590909090909,-0.7,-0.46833600696915934
750.0,0.8693181818181818,0.8210227272727273,0.3210227272727273,0.8693181818181818,0.8806818181818182,0.7613636363636364,0.6846590909090909,0.6505681818181818,0.7727272727272727,0.5596590909090909,-0.26666666666666666,-0.072921203879782
750.0,0.13068181818181818,0.17897727272727273,0.13068181818181818,0.8693181818181818,0.8806818181818182,0.7613636363636364,0.6846590909090909,0.6505681818181818,0.7727272727272727,0.5596590909090909,-1.1333333333333333,-0.5557904577760308
750.0,0.8693181818181818,0.17897727272727273,0.3210227272727273,0.8693181818181818,0.8806818181818182,0.7613636363636364,0.6846590909090909,0.6505681818181818,0.7727272727272727,0.4403409090909091,-0.6333333333333333,-0.49391792115076116
650.0,0.8693181818181818,0.8210227272727273,0.38920454545454547,0.8693181818181818,0.8806818181818182,0.7613636363636364,0.6846590909090909,0.3494318181818182,0.7727272727272727,0.4403409090909091,0.1,-0.24523791817612
750.0,0.13068181818181818,0.8210227272727273,0.13068181818181818,0.8693181818181818,0.8806818181818182,0.7613636363636364,0.3153409090909091,0.6505681818181818,0.7727272727272727,0.4403409090909091,-0.9666666666666667,-0.5387075184055923
750.0,0.8693181818181818,0.17897727272727273,0.3210227272727273,0.8693181818181818,0.8806818181818182,0.7613636363636364,0.6846590909090909,0.3494318181818182,0.7727272727272727,0.4403409090909091,-0.6666666666666666,-0.4919206620701378
700.0,0.8693181818181818,0.8210227272727273,0.38920454545454547,0.8693181818181818,0.8806818181818182,0.7613636363636364,0.3153409090909091,0.3494318181818182,0.22727272727272727,0.4403409090909091,0.1,-0.21757375516578312
747.0,0.8693181818181818,0.8210227272727273,0.1590909090909091,0.13068181818181818,0.8806818181818182,0.7613636363636364,0.6846590909090909,0.3494318181818182,0.7727272727272727,0.5596590909090909,1.2333333333333334,0.5523908678515654
730.0,0.8693181818181818,0.8210227272727273,0.1590909090909091,0.13068181818181818,0.11931818181818182,0.7613636363636364,0.6846590909090909,0.6505681818181818,0.7727272727272727,0.5596590909090909,1.3,0.9093478099204283
640.0,0.13068181818181818,0.8210227272727273,0.13068181818181818,0.8693181818181818,0.8806818181818182,0.7613636363636364,0.6846590909090909,0.6505681818181818,0.7727272727272727,0.5596590909090909,-0.8,-0.2672077680629774
530.0,0.8693181818181818,0.8210227272727273,0.38920454545454547,0.8693181818181818,0.11931818181818182,0.7613636363636364,0.6846590909090909,0.6505681818181818,0.7727272727272727,0.4403409090909091,-0.3,0.9608515972760786
750.0,0.8693181818181818,0.17897727272727273,0.3210227272727273,0.8693181818181818,0.8806818181818182,0.7613636363636364,0.6846590909090909,0.6505681818181818,0.7727272727272727,0.5596590909090909,-0.9666666666666667,-0.48779865928672356
750.0,0.8693181818181818,0.8210227272727273,0.38920454545454547,0.8693181818181818,0.8806818181818182,0.23863636363636365,0.6846590909090909,0.6505681818181818,0.7727272727272727,0.5596590909090909,0.36666666666666664,0.6412901443763346
625.0,0.8693181818181818,0.8210227272727273,0.38920454545454547,0.8693181818181818,0.8806818181818182,0.23863636363636365,0.6846590909090909,0.6505681818181818,0.7727272727272727,0.4403409090909091,-0.23333333333333334,1.140264955539738
700.0,0.13068181818181818,0.8210227272727273,0.13068181818181818,0.8693181818181818,0.8806818181818182,0.7613636363636364,0.6846590909090909,0.6505681818181818,0.7727272727272727,0.5596590909090909,-0.6333333333333333,-0.5176300608739071
750.0,0.13068181818181818,0.8210227272727273,0.13068181818181818,0.8693181818181818,0.8806818181818182,0.23863636363636365,0.6846590909090909,0.6505681818181818,0.7727272727272727,0.5596590909090909,-0.6333333333333333,-0.4757301150548715
650.0,0.8693181818181818,0.17897727272727273,0.3210227272727273,0.8693181818181818,0.8806818181818182,0.7613636363636364,0.3153409090909091,0.6505681818181818,0.7727272727272727,0.5596590909090909,-0.8,-0.5308034718312103
720.0,0.8693181818181818,0.8210227272727273,0.1590909090909091,0.8693181818181818,0.8806818181818182,0.7613636363636364,0.6846590909090909,0.6505681818181818,0.7727272727272727,0.4403409090909091,0.36666666666666664,0.6581181145024382
650.0,0.8693181818181818,0.8210227272727273,0.38920454545454547,0.8693181818181818,0.11931818181818182,0.7613636363636364,0.6846590909090909,0.6505681818181818,0.7727272727272727,0.4403409090909091,0.36666666666666664,0.9346747548576952
699.0,0.8693181818181818,0.8210227272727273,0.3210227272727273,0.8693181818181818,0.8806818181818182,0.23863636363636365,0.6846590909090909,0.6505681818181818,0.7727272727272727,0.5596590909090909,-0.23333333333333334,-0.27706657884392694
650.0,0.8693181818181818,0.8210227272727273,0.38920454545454547,0.8693181818181818,0.11931818181818182,0.7613636363636364,0.6846590909090909,0.6505681818181818,0.7727272727272727,0.4403409090909091,0.36666666666666664,0.9665884052736139
750.0,0.8693181818181818,0.8210227272727273,0.38920454545454547,0.8693181818181818,0.8806818181818182,0.7613636363636364,0.6846590909090909,0.6505681818181818,0.7727272727272727,0.5596590909090909,0.2,-0.022564778123638836
695.0,0.8693181818181818,0.8210227272727273,0.38920454545454547,0.8693181818181818,0.8806818181818182,0.7613636363636364,0.6846590909090909,0.6505681818181818,0.7727272727272727,0.5596590909090909,0.2,0.012408503224298569
750.0,0.8693181818181818,0.8210227272727273,0.38920454545454547,0.13068181818181818,0.8806818181818182,0.7613636363636364,0.6846590909090909,0.6505681818181818,0.7727272727272727,0.5596590909090909,0.6333333333333333,0.25951619585887453
620.0,0.8693181818181818,0.8210227272727273,0.38920454545454547,0.8693181818181818,0.8806818181818182,0.7613636363636364,0.6846590909090909,0.6505681818181818,0.7727272727272727,0.4403409090909091,0.03333333333333333,-0.23928863580830562
500.0,0.13068181818181818,0.17897727272727273,0.13068181818181818,0.8693181818181818,0.8806818181818182,0.7613636363636364,0.6846590909090909,0.6505681818181818,0.7727272727272727,0.4403409090909091,-1.0333333333333334,-0.5457616674988579
550.0,0.8693181818181818,0.8210227272727273,0.3210227272727273,0.8693181818181818,0.8806818181818182,0.7613636363636364,0.6846590909090909,0.6505681818181818,0.7727272727272727,0.4403409090909091,-0.7,-0.1136312932252547
750.0,0.8693181818181818,0.17897727272727273,0.3210227272727273,0.8693181818181818,0.8806818181818182,0.7613636363636364,0.3153409090909091,0.6505681818181818,0.7727272727272727,0.5596590909090909,-0.43333333333333335,-0.5157177915413953
680.0,0.13068181818181818,0.8210227272727273,0.13068181818181818,0.8693181818181818,0.8806818181818182,0.7613636363636364,0.6846590909090909,0.6505681818181818,0.7727272727272727,0.4403409090909091,-0.13333333333333333,-0.3618438525852819
750.0,0.8693181818181818,0.8210227272727273,0.38920454545454547,0.8693181818181818,0.8806818181818182,0.7613636363636364,0.3153409090909091,0.6505681818181818,0.7727272727272727,0.5596590909090909,0.23333333333333334,-0.012790957090800923
650.0,0.8693181818181818,0.8210227272727273,0.3210227272727273,0.8693181818181818,0.8806818181818182,0.7613636363636364,0.6846590909090909,0.6505681818181818,0.7727272727272727,0.5596590909090909,0.2,0.6726088665554717
720.0,0.8693181818181818,0.17897727272727273,0.1590909090909091,0.13068181818181818,0.8806818181818182,0.7613636363636364,0.6846590909090909,0.3494318181818182,0.22727272727272727,0.5596590909090909,2.466666666666667,0.2482125593600272
600.0,0.8693181818181818,0.8210227272727273,0.3210227272727273,0.8693181818181818,0.8806818181818182,0.7613636363636364,0.6846590909090909,0.6505681818181818,0.7727272727272727,0.5596590909090909,-0.3,0.4597095475358285
650.0,0.8693181818181818,0.8210227272727273,0.3210227272727273,0.8693181818181818,0.8806818181818182,0.7613636363636364,0.6846590909090909,0.6505681818181818,0.7727272727272727,0.5596590909090909,0.06666666666666667,0.9040359506634512
650.0,0.8693181818181818,0.17897727272727273,0.38920454545454547,0.8693181818181818,0.8806818181818182,0.7613636363636364,0.6846590909090909,0.6505681818181818,0.7727272727272727,0.4403409090909091,0.2,-0.08817686366582031
700.0,0.8693181818181818,0.8210227272727273,0.3210227272727273,0.8693181818181818,0.8806818181818182,0.7613636363636364,0.6846590909090909,0.6505681818181818,0.7727272727272727,0.4403409090909091,-0.4666666666666667,-0.05486088240605977
625.0,0.8693181818181818,0.8210227272727273,0.38920454545454547,0.8693181818181818,0.8806818181818182,0.7613636363636364,0.6846590909090909,0.6505681818181818,0.7727272727272727,0.4403409090909091,0.1,-0.08269502491261992
595.0,0.8693181818181818,0.8210227272727273,0.3210227272727273,0.8693181818181818,0.8806818181818182,0.7613636363636364,0.6846590909090909,0.6505681818181818,0.7727272727272727,0.4403409090909091,-0.4666666666666667,-0.3853860128122045
650.0,0.8693181818181818,0.8210227272727273,0.3210227272727273,0.8693181818181818,0.8806818181818182,0.7613636363636364,0.6846590909090909,0.6505681818181818,0.7727272727272727,0.5596590909090909,-0.13333333333333333,-0.13245652243198164
725.0,0.8693181818181818,0.8210227272727273,0.3210227272727273,0.8693181818181818,0.8806818181818182,0.7613636363636364,0.3153409090909091,0.3494318181818182,0.7727272727272727,0.5596590909090909,-0.3,-0.2508897364255437
750.0,0.8693181818181818,0.8210227272727273,0.1590909090909091,0.8693181818181818,0.8806818181818182,0.7613636363636364,0.6846590909090909,0.6505681818181818,0.7727272727272727,0.5596590909090909,1.2,0.6319412720840548
700.0,0.8693181818181818,0.17897727272727273,0.3210227272727273,0.8693181818181818,0.8806818181818182,0.7613636363636364,0.6846590909090909,0.6505681818181818,0.7727272727272727,0.4403409090909091,-1.0666666666666667,-0.5193298558361398
650.0,0.8693181818181818,0.8210227272727273,0.38920454545454547,0.8693181818181818,0.8806818181818182,0.7613636363636364,0.6846590909090909,0.6505681818181818,0.7727272727272727,0.5596590909090909,0.0,0.7202881152460985
550.0,0.8693181818181818,0.8210227272727273,0.3210227272727273,0.8693181818181818,0.8806818181818182,0.7613636363636364,0.6846590909090909,0.6505681818181818,0.7727272727272727,0.5596590909090909,-0.6333333333333333,0.1758437888429708
650.0,0.8693181818181818,0.8210227272727273,0.3210227272727273,0.8693181818181818,0.8806818181818182,0.7613636363636364,0.6846590909090909,0.6505681818181818,0.7727272727272727,0.5596590909090909,-0.13333333333333333,-0.14091300236908924
750.0,0.8693181818181818,0.8210227272727273,0.38920454545454547,0.8693181818181818,0.8806818181818182,0.7613636363636364,0.6846590909090909,0.6505681818181818,0.7727272727272727,0.5596590909090909,0.2,-0.3413188284163223
725.0,0.8693181818181818,0.8210227272727273,0.38920454545454547,0.8693181818181818,0.8806818181818182,0.7613636363636364,0.6846590909090909,0.6505681818181818,0.7727272727272727,0.5596590909090909,0.36666666666666664,-0.4034888291599826
700.0,0.8693181818181818,0.8210227272727273,0.3210227272727273,0.8693181818181818,0.8806818181818182,0.7613636363636364,0.6846590909090909,0.6505681818181818,0.7727272727272727,0.4403409090909091,0.7,0.6734587640365881
650.0,0.8693181818181818,0.8210227272727273,0.3210227272727273,0.8693181818181818,0.8806818181818182,0.23863636363636365,0.6846590909090909,0.6505681818181818,0.7727272727272727,0.5596590909090909,-0.6333333333333333,-0.05898288518947402
695.0,0.8693181818181818,0.8210227272727273,0.1590909090909091,0.8693181818181818,0.8806818181818182,0.7613636363636364,0.6846590909090909,0.6505681818181818,0.7727272727272727,0.4403409090909091,1.0333333333333334,-0.24999734407037152
750.0,0.8693181818181818,0.8210227272727273,0.3210227272727273,0.8693181818181818,0.8806818181818182,0.7613636363636364,0.6846590909090909,0.6505681818181818,0.7727272727272727,0.4403409090909091,-0.13333333333333333,-0.32274856845393024
650.0,0.8693181818181818,0.8210227272727273,0.38920454545454547,0.8693181818181818,0.8806818181818182,0.7613636363636364,0.6846590909090909,0.6505681818181818,0.7727272727272727,0.5596590909090909,0.2,-0.2572214726598604
666.0,0.8693181818181818,0.8210227272727273,0.3210227272727273,0.13068181818181818,0.8806818181818182,0.7613636363636364,0.6846590909090909,0.6505681818181818,0.7727272727272727,0.5596590909090909,0.36666666666666664,0.4780673331279414
750.0,0.8693181818181818,0.8210227272727273,0.38920454545454547,0.13068181818181818,0.8806818181818182,0.7613636363636364,0.6846590909090909,0.6505681818181818,0.7727272727272727,0.5596590909090909,0.6333333333333333,0.6953861190493896
630.0,0.8693181818181818,0.8210227272727273,0.1590909090909091,0.8693181818181818,0.8806818181818182,0.7613636363636364,0.6846590909090909,0.6505681818181818,0.7727272727272727,0.5596590909090909,0.5,0.971900264530591
635.0,0.13068181818181818,0.8210227272727273,0.13068181818181818,0.8693181818181818,0.8806818181818182,0.7613636363636364,0.6846590909090909,0.6505681818181818,0.7727272727272727,0.5596590909090909,-0.13333333333333333,0.03892530463512839
725.0,0.8693181818181818,0.8210227272727273,0.38920454545454547,0.8693181818181818,0.8806818181818182,0.23863636363636365,0.3153409090909091,0.6505681818181818,0.7727272727272727,0.5596590909090909,0.3333333333333333,0.9467857939636032
750.0,0.8693181818181818,0.17897727272727273,0.3210227272727273,0.8693181818181818,0.8806818181818182,0.23863636363636365,0.6846590909090909,0.3494318181818182,0.7727272727272727,0.4403409090909091,-0.8,-0.5419371288338344
690.0,0.8693181818181818,0.8210227272727273,0.38920454545454547,0.8693181818181818,0.8806818181818182,0.23863636363636365,0.6846590909090909,0.6505681818181818,0.7727272727272727,0.4403409090909091,0.2,-0.37769444060810164
700.0,0.13068181818181818,0.17897727272727273,0.13068181818181818,0.8693181818181818,0.8806818181818182,0.23863636363636365,0.6846590909090909,0.6505681818181818,0.7727272727272727,0.5596590909090909,-0.9666666666666667,-0.5342030617556757
730.0,0.8693181818181818,0.8210227272727273,0.1590909090909091,0.8693181818181818,0.8806818181818182,0.7613636363636364,0.3153409090909091,0.3494318181818182,0.22727272727272727,0.4403409090909091,0.16666666666666666,0.2814435508716761
750.0,0.8693181818181818,0.8210227272727273,0.3210227272727273,0.8693181818181818,0.8806818181818182,0.7613636363636364,0.6846590909090909,0.6505681818181818,0.7727272727272727,0.5596590909090909,-0.26666666666666666,-0.43242783839199395
750.0,0.8693181818181818,0.17897727272727273,0.3210227272727273,0.8693181818181818,0.8806818181818182,0.7613636363636364,0.6846590909090909,0.6505681818181818,0.7727272727272727,0.5596590909090909,-0.36666666666666664,0.29380955922191887
690.0,0.8693181818181818,0.8210227272727273,0.3210227272727273,0.8693181818181818,0.8806818181818182,0.7613636363636364,0.6846590909090909,0.6505681818181818,0.7727272727272727,0.4403409090909091,-0.8,-0.37437984043174793
675.0,0.8693181818181818,0.8210227272727273,0.38920454545454547,0.13068181818181818,0.11931818181818182,0.7613636363636364,0.6846590909090909,0.6505681818181818,0.7727272727272727,0.5596590909090909,0.8333333333333334,0.7685622921735066
750.0,0.8693181818181818,0.8210227272727273,0.1590909090909091,0.8693181818181818,0.8806818181818182,0.7613636363636364,0.6846590909090909,0.6505681818181818,0.7727272727272727,0.5596590909090909,0.5,-0.025284450063211124
650.0,0.8693181818181818,0.8210227272727273,0.38920454545454547,0.8693181818181818,0.11931818181818182,0.7613636363636364,0.3153409090909091,0.6505681818181818,0.7727272727272727,0.5596590909090909,0.8333333333333334,1.0815795344686547
600.0,0.8693181818181818,0.8210227272727273,0.38920454545454547,0.8693181818181818,0.11931818181818182,0.7613636363636364,0.6846590909090909,0.6505681818181818,0.7727272727272727,0.5596590909090909,0.8666666666666667,1.1051641895696331
720.0,0.8693181818181818,0.8210227272727273,0.3210227272727273,0.8693181818181818,0.8806818181818182,0.7613636363636364,0.6846590909090909,0.3494318181818182,0.7727272727272727,0.5596590909090909,-0.5666666666666667,-0.22433044014065803
595.0,0.8693181818181818,0.8210227272727273,0.3210227272727273,0.8693181818181818,0.8806818181818182,0.7613636363636364,0.6846590909090909,0.3494318181818182,0.7727272727272727,0.4403409090909091,-0.13333333333333333,0.6836150389359283
700.0,0.8693181818181818,0.17897727272727273,0.3210227272727273,0.8693181818181818,0.8806818181818182,0.7613636363636364,0.6846590909090909,0.6505681818181818,0.7727272727272727,0.4403409090909091,-0.4666666666666667,-0.5311434308236569
500.0,0.8693181818181818,0.8210227272727273,0.3210227272727273,0.8693181818181818,0.8806818181818182,0.7613636363636364,0.6846590909090909,0.6505681818181818,0.7727272727272727,0.4403409090909091,-0.4666666666666667,0.7893847804608569
750.0,0.8693181818181818,0.8210227272727273,0.38920454545454547,0.13068181818181818,0.11931818181818182,0.7613636363636364,0.6846590909090909,0.6505681818181818,0.7727272727272727,0.4403409090909091,3.0,0.7508419296922308
625.0,0.8693181818181818,0.8210227272727273,0.38920454545454547,0.13068181818181818,0.11931818181818182,0.7613636363636364,0.6846590909090909,0.3494318181818182,0.7727272727272727,0.5596590909090909,1.0,0.7614231533321293
700.0,0.8693181818181818,0.8210227272727273,0.38920454545454547,0.8693181818181818,0.8806818181818182,0.23863636363636365,0.3153409090909091,0.3494318181818182,0.7727272727272727,0.4403409090909091,0.5333333333333333,1.287722168513423
550.0,0.8693181818181818,0.8210227272727273,0.1590909090909091,0.13068181818181818,0.11931818181818182,0.7613636363636364,0.6846590909090909,0.6505681818181818,0.7727272727272727,0.5596590909090909,1.3666666666666667,1.3195933240552857
650.0,0.8693181818181818,0.8210227272727273,0.3210227272727273,0.8693181818181818,0.8806818181818182,0.7613636363636364,0.6846590909090909,0.6505681818181818,0.7727272727272727,0.4403409090909091,-0.4666666666666667,1.0253588160928089
750.0,0.13068181818181818,0.8210227272727273,0.13068181818181818,0.8693181818181818,0.8806818181818182,0.23863636363636365,0.6846590909090909,0.3494318181818182,0.7727272727272727,0.5596590909090909,-0.13333333333333333,-0.5394299312645412
720.0,0.13068181818181818,0.8210227272727273,0.13068181818181818,0.8693181818181818,0.8806818181818182,0.23863636363636365,0.3153409090909091,0.3494318181818182,0.22727272727272727,0.5596590909090909,-0.4666666666666667,0.0773831656556428
624.0,0.8693181818181818,0.8210227272727273,0.3210227272727273,0.8693181818181818,0.8806818181818182,0.23863636363636365,0.3153409090909091,0.3494318181818182,0.7727272727272727,0.5596590909090909,-0.4666666666666667,0.4447088569941251
633.0,0.8693181818181818,0.8210227272727273,0.3210227272727273,0.8693181818181818,0.8806818181818182,0.23863636363636365,0.3153409090909091,0.3494318181818182,0.7727272727272727,0.5596590909090909,-0.4666666666666667,0.4447088569941251
640.0,0.13068181818181818,0.8210227272727273,0.13068181818181818,0.8693181818181818,0.8806818181818182,0.23863636363636365,0.6846590909090909,0.3494318181818182,0.7727272727272727,0.5596590909090909,-0.8666666666666667,-0.10296507983724464
645.0,0.8693181818181818,0.8210227272727273,0.38920454545454547,0.13068181818181818,0.8806818181818182,0.23863636363636365,0.6846590909090909,0.6505681818181818,0.22727272727272727,0.5596590909090909,0.8333333333333334,1.2839826195965112
750.0,0.8693181818181818,0.17897727272727273,0.3210227272727273,0.8693181818181818,0.8806818181818182,0.23863636363636365,0.6846590909090909,0.3494318181818182,0.22727272727272727,0.4403409090909091,-0.43333333333333335,-0.5330132052821128
735.0,0.13068181818181818,0.8210227272727273,0.13068181818181818,0.8693181818181818,0.8806818181818182,0.23863636363636365,0.6846590909090909,0.3494318181818182,0.22727272727272727,0.5596590909090909,-0.8,-0.10725706211688216
750.0,0.8693181818181818,0.8210227272727273,0.1590909090909091,0.8693181818181818,0.8806818181818182,0.7613636363636364,0.6846590909090909,0.6505681818181818,0.7727272727272727,0.4403409090909091,0.5333333333333333,-0.22632769922128143
705.0,0.8693181818181818,0.8210227272727273,0.3210227272727273,0.8693181818181818,0.8806818181818182,0.23863636363636365,0.6846590909090909,0.3494318181818182,0.7727272727272727,0.5596590909090909,-0.36666666666666664,-0.09093903047944842
500.0,0.8693181818181818,0.8210227272727273,0.1590909090909091,0.13068181818181818,0.11931818181818182,0.23863636363636365,0.3153409090909091,0.3494318181818182,0.7727272727272727,0.4403409090909091,1.0333333333333334,0.8638357998066484
650.0,0.8693181818181818,0.8210227272727273,0.38920454545454547,0.8693181818181818,0.8806818181818182,0.7613636363636364,0.3153409090909091,0.3494318181818182,0.7727272727272727,0.4403409090909091,0.1,1.2585706849111327
650.0,0.13068181818181818,0.17897727272727273,0.13068181818181818,0.8693181818181818,0.8806818181818182,0.7613636363636364,0.6846590909090909,0.6505681818181818,0.7727272727272727,0.5596590909090909,-0.6333333333333333,-0.3622263064517843
700.0,0.8693181818181818,0.8210227272727273,0.3210227272727273,0.8693181818181818,0.8806818181818182,0.7613636363636364,0.6846590909090909,0.6505681818181818,0.7727272727272727,0.4403409090909091,-0.6333333333333333,-0.4477259930520881
730.0,0.8693181818181818,0.8210227272727273,0.38920454545454547,0.8693181818181818,0.8806818181818182,0.7613636363636364,0.3153409090909091,0.3494318181818182,0.22727272727272727,0.4403409090909091,-0.26666666666666666,-0.2908774129120675
750.0,0.8693181818181818,0.8210227272727273,0.38920454545454547,0.8693181818181818,0.8806818181818182,0.7613636363636364,0.3153409090909091,0.3494318181818182,0.22727272727272727,0.4403409090909091,-0.3,-0.22441542988876967
680.0,0.8693181818181818,0.8210227272727273,0.38920454545454547,0.8693181818181818,0.8806818181818182,0.7613636363636364,0.3153409090909091,0.3494318181818182,0.22727272727272727,0.4403409090909091,-0.1,0.24162585388137556
710.0,0.8693181818181818,0.8210227272727273,0.1590909090909091,0.8693181818181818,0.8806818181818182,0.7613636363636364,0.3153409090909091,0.3494318181818182,0.22727272727272727,0.4403409090909091,0.6333333333333333,0.3401714668168152
720.0,0.8693181818181818,0.8210227272727273,0.38920454545454547,0.8693181818181818,0.8806818181818182,0.7613636363636364,0.3153409090909091,0.3494318181818182,0.22727272727272727,0.4403409090909091,-0.4,-0.2772365583401502
750.0,0.13068181818181818,0.8210227272727273,0.13068181818181818,0.8693181818181818,0.8806818181818182,0.7613636363636364,0.6846590909090909,0.6505681818181818,0.7727272727272727,0.5596590909090909,-0.5333333333333333,-0.3518575571821649
650.0,0.8693181818181818,0.8210227272727273,0.38920454545454547,0.13068181818181818,0.11931818181818182,0.7613636363636364,0.6846590909090909,0.6505681818181818,0.7727272727272727,0.5596590909090909,0.7333333333333333,0.7591284301331152
695.0,0.13068181818181818,0.8210227272727273,0.13068181818181818,0.8693181818181818,0.8806818181818182,0.7613636363636364,0.6846590909090909,0.6505681818181818,0.7727272727272727,0.5596590909090909,-0.6333333333333333,-0.052523664332989835
750.0,0.8693181818181818,0.8210227272727273,0.1590909090909091,0.8693181818181818,0.8806818181818182,0.7613636363636364,0.6846590909090909,0.6505681818181818,0.7727272727272727,0.5596590909090909,1.0333333333333334,0.5434669442998439
730.0,0.8693181818181818,0.8210227272727273,0.3210227272727273,0.8693181818181818,0.8806818181818182,0.7613636363636364,0.6846590909090909,0.6505681818181818,0.7727272727272727,0.5596590909090909,-0.3,-0.2080124085032243
600.0,0.8693181818181818,0.8210227272727273,0.1590909090909091,0.8693181818181818,0.8806818181818182,0.7613636363636364,0.6846590909090909,0.6505681818181818,0.7727272727272727,0.5596590909090909,1.0333333333333334,0.4916656928258029
650.0,0.13068181818181818,0.8210227272727273,0.13068181818181818,0.8693181818181818,0.8806818181818182,0.23863636363636365,0.6846590909090909,0.6505681818181818,0.7727272727272727,0.5596590909090909,-0.4666666666666667,-0.33808921798808017
750.0,0.8693181818181818,0.17897727272727273,0.3210227272727273,0.8693181818181818,0.8806818181818182,0.23863636363636365,0.3153409090909091,0.6505681818181818,0.7727272727272727,0.5596590909090909,-0.7,-0.5584676348415473
730.0,0.8693181818181818,0.8210227272727273,0.3210227272727273,0.8693181818181818,0.8806818181818182,0.7613636363636364,0.6846590909090909,0.6505681818181818,0.7727272727272727,0.5596590909090909,-0.3,0.11890065760817602
550.0,0.8693181818181818,0.8210227272727273,0.1590909090909091,0.13068181818181818,0.11931818181818182,0.7613636363636364,0.6846590909090909,0.6505681818181818,0.7727272727272727,0.4403409090909091,1.0333333333333334,1.3169161469897694
735.0,0.13068181818181818,0.8210227272727273,0.13068181818181818,0.8693181818181818,0.8806818181818182,0.23863636363636365,0.6846590909090909,0.6505681818181818,0.22727272727272727,0.5596590909090909,-0.9666666666666667,-0.10300757471130045
610.0,0.8693181818181818,0.17897727272727273,0.3210227272727273,0.8693181818181818,0.8806818181818182,0.7613636363636364,0.3153409090909091,0.3494318181818182,0.22727272727272727,0.5596590909090909,0.43333333333333335,0.25207959289910653
550.0,0.8693181818181818,0.8210227272727273,0.38920454545454547,0.8693181818181818,0.11931818181818182,0.7613636363636364,0.6846590909090909,0.6505681818181818,0.7727272727272727,0.5596590909090909,0.36666666666666664,1.0584623229822903
725.0,0.8693181818181818,0.8210227272727273,0.3210227272727273,0.8693181818181818,0.8806818181818182,0.23863636363636365,0.6846590909090909,0.3494318181818182,0.7727272727272727,0.4403409090909091,-0.3,0.43238534351793817
750.0,0.8693181818181818,0.8210227272727273,0.3210227272727273,0.8693181818181818,0.8806818181818182,0.7613636363636364,0.3153409090909091,0.3494318181818182,0.7727272727272727,0.4403409090909091,-0.36666666666666664,-0.3623537910739517
750.0,0.8693181818181818,0.8210227272727273,0.1590909090909091,0.8693181818181818,0.8806818181818182,0.7613636363636364,0.3153409090909091,0.3494318181818182,0.7727272727272727,0.4403409090909091,0.36666666666666664,0.6819577388477515
750.0,0.8693181818181818,0.8210227272727273,0.3210227272727273,0.8693181818181818,0.8806818181818182,0.23863636363636365,0.3153409090909091,0.3494318181818182,0.7727272727272727,0.5596590909090909,-0.3333333333333333,-0.21872111676529019
730.0,0.8693181818181818,0.8210227272727273,0.1590909090909091,0.8693181818181818,0.8806818181818182,0.7613636363636364,0.3153409090909091,0.3494318181818182,0.22727272727272727,0.4403409090909091,0.03333333333333333,0.31174239607347365
560.0,0.8693181818181818,0.17897727272727273,0.3210227272727273,0.8693181818181818,0.8806818181818182,0.7613636363636364,0.3153409090909091,0.3494318181818182,0.22727272727272727,0.4403409090909091,-1.1,-0.5518809293628956
750.0,0.8693181818181818,0.8210227272727273,0.1590909090909091,0.8693181818181818,0.8806818181818182,0.23863636363636365,0.6846590909090909,0.6505681818181818,0.7727272727272727,0.5596590909090909,0.7,0.058600431322971665
730.0,0.8693181818181818,0.8210227272727273,0.1590909090909091,0.8693181818181818,0.8806818181818182,0.7613636363636364,0.3153409090909091,0.3494318181818182,0.22727272727272727,0.4403409090909091,0.36666666666666664,0.21965600399451815
730.0,0.8693181818181818,0.8210227272727273,0.38920454545454547,0.8693181818181818,0.8806818181818182,0.7613636363636364,0.3153409090909091,0.3494318181818182,0.22727272727272727,0.4403409090909091,-0.23333333333333334,-0.20333797235708442
740.0,0.8693181818181818,0.8210227272727273,0.38920454545454547,0.8693181818181818,0.8806818181818182,0.7613636363636364,0.3153409090909091,0.3494318181818182,0.22727272727272727,0.4403409090909091,0.16666666666666666,-0.2229706041708719
720.0,0.8693181818181818,0.8210227272727273,0.38920454545454547,0.8693181818181818,0.8806818181818182,0.7613636363636364,0.3153409090909091,0.3494318181818182,0.22727272727272727,0.4403409090909091,0.2,-0.2592612266145396
720.0,0.8693181818181818,0.8210227272727273,0.38920454545454547,0.8693181818181818,0.8806818181818182,0.7613636363636364,0.3153409090909091,0.3494318181818182,0.22727272727272727,0.4403409090909091,0.13333333333333333,0.26002613434754435
740.0,0.8693181818181818,0.8210227272727273,0.38920454545454547,0.8693181818181818,0.8806818181818182,0.7613636363636364,0.3153409090909091,0.3494318181818182,0.22727272727272727,0.5596590909090909,-0.16666666666666666,-0.2964442414133795
720.0,0.8693181818181818,0.8210227272727273,0.38920454545454547,0.8693181818181818,0.8806818181818182,0.7613636363636364,0.3153409090909091,0.3494318181818182,0.22727272727272727,0.4403409090909091,-0.23333333333333334,-0.038967799509184206
730.0,0.8693181818181818,0.8210227272727273,0.38920454545454547,0.8693181818181818,0.8806818181818182,0.7613636363636364,0.3153409090909091,0.3494318181818182,0.22727272727272727,0.4403409090909091,-0.4666666666666667,-0.3921002029130236
675.0,0.8693181818181818,0.8210227272727273,0.1590909090909091,0.8693181818181818,0.8806818181818182,0.7613636363636364,0.3153409090909091,0.3494318181818182,0.22727272727272727,0.4403409090909091,0.5666666666666667,1.2694493726694218
750.0,0.8693181818181818,0.8210227272727273,0.3210227272727273,0.8693181818181818,0.8806818181818182,0.23863636363636365,0.6846590909090909,0.6505681818181818,0.7727272727272727,0.5596590909090909,-0.16666666666666666,0.09442361015202541
700.0,0.8693181818181818,0.8210227272727273,0.3210227272727273,0.8693181818181818,0.8806818181818182,0.7613636363636364,0.6846590909090909,0.6505681818181818,0.7727272727272727,0.5596590909090909,-0.16666666666666666,-0.435912418064571
750.0,0.8693181818181818,0.8210227272727273,0.38920454545454547,0.8693181818181818,0.8806818181818182,0.7613636363636364,0.3153409090909091,0.3494318181818182,0.22727272727272727,0.4403409090909091,-0.16666666666666666,-0.22479788375527202
730.0,0.8693181818181818,0.8210227272727273,0.38920454545454547,0.8693181818181818,0.8806818181818182,0.7613636363636364,0.3153409090909091,0.3494318181818182,0.22727272727272727,0.4403409090909091,-0.36666666666666664,-0.28110359187922956
650.0,0.8693181818181818,0.8210227272727273,0.38920454545454547,0.8693181818181818,0.8806818181818182,0.7613636363636364,0.3153409090909091,0.3494318181818182,0.22727272727272727,0.4403409090909091,0.06666666666666667,0.6371256467188645
730.0,0.8693181818181818,0.8210227272727273,0.38920454545454547,0.8693181818181818,0.8806818181818182,0.7613636363636364,0.3153409090909091,0.3494318181818182,0.22727272727272727,0.4403409090909091,0.13333333333333333,-0.24302818472521753
720.0,0.8693181818181818,0.8210227272727273,0.38920454545454547,0.8693181818181818,0.8806818181818182,0.7613636363636364,0.3153409090909091,0.3494318181818182,0.22727272727272727,0.4403409090909091,-0.3,-0.27923381742077363
720.0,0.8693181818181818,0.8210227272727273,0.38920454545454547,0.8693181818181818,0.8806818181818182,0.7613636363636364,0.3153409090909091,0.3494318181818182,0.22727272727272727,0.4403409090909091,-0.26666666666666666,-0.2821234688565692
750.0,0.8693181818181818,0.8210227272727273,0.38920454545454547,0.8693181818181818,0.8806818181818182,0.7613636363636364,0.3153409090909091,0.3494318181818182,0.22727272727272727,0.4403409090909091,-0.4,-0.38559848718248363
730.0,0.8693181818181818,0.8210227272727273,0.38920454545454547,0.8693181818181818,0.8806818181818182,0.7613636363636364,0.3153409090909091,0.3494318181818182,0.22727272727272727,0.4403409090909091,-0.3,-0.26351071402012133
730.0,0.8693181818181818,0.8210227272727273,0.38920454545454547,0.8693181818181818,0.8806818181818182,0.7613636363636364,0.3153409090909091,0.3494318181818182,0.22727272727272727,0.4403409090909091,-0.6333333333333333,-0.39991925973929393
670.0,0.8693181818181818,0.8210227272727273,0.38920454545454547,0.8693181818181818,0.8806818181818182,0.7613636363636364,0.3153409090909091,0.3494318181818182,0.22727272727272727,0.5596590909090909,0.26666666666666666,0.4881811131532259
740.0,0.8693181818181818,0.8210227272727273,0.38920454545454547,0.8693181818181818,0.8806818181818182,0.7613636363636364,0.3153409090909091,0.3494318181818182,0.22727272727272727,0.4403409090909091,-0.23333333333333334,-0.3718301479883989
720.0,0.8693181818181818,0.8210227272727273,0.38920454545454547,0.8693181818181818,0.8806818181818182,0.7613636363636364,0.3153409090909091,0.3494318181818182,0.22727272727272727,0.5596590909090909,0.3333333333333333,0.6574806913916009
750.0,0.8693181818181818,0.8210227272727273,0.38920454545454547,0.8693181818181818,0.8806818181818182,0.7613636363636364,0.3153409090909091,0.3494318181818182,0.22727272727272727,0.4403409090909091,0.0,-0.2214832835789183
740.0,0.8693181818181818,0.8210227272727273,0.38920454545454547,0.8693181818181818,0.8806818181818182,0.7613636363636364,0.3153409090909091,0.3494318181818182,0.22727272727272727,0.4403409090909091,-0.4666666666666667,-0.25037979793687387
740.0,0.8693181818181818,0.8210227272727273,0.38920454545454547,0.8693181818181818,0.8806818181818182,0.7613636363636364,0.3153409090909091,0.3494318181818182,0.22727272727272727,0.5596590909090909,0.03333333333333333,-0.2949994156954817
730.0,0.13068181818181818,0.17897727272727273,0.13068181818181818,0.8693181818181818,0.8806818181818182,0.7613636363636364,0.6846590909090909,0.6505681818181818,0.7727272727272727,0.5596590909090909,-0.4666666666666667,-0.5421496032041135
620.0,0.8693181818181818,0.8210227272727273,0.1590909090909091,0.8693181818181818,0.8806818181818182,0.7613636363636364,0.6846590909090909,0.6505681818181818,0.7727272727272727,0.5596590909090909,0.5333333333333333,0.31582190398283205
695.0,0.8693181818181818,0.8210227272727273,0.38920454545454547,0.8693181818181818,0.8806818181818182,0.7613636363636364,0.6846590909090909,0.6505681818181818,0.7727272727272727,0.4403409090909091,0.26666666666666666,0.10619469026548672
650.0,0.8693181818181818,0.8210227272727273,0.1590909090909091,0.8693181818181818,0.8806818181818182,0.7613636363636364,0.6846590909090909,0.6505681818181818,0.7727272727272727,0.5596590909090909,1.2,0.6914765906362546
675.0,0.8693181818181818,0.8210227272727273,0.38920454545454547,0.8693181818181818,0.8806818181818182,0.7613636363636364,0.6846590909090909,0.6505681818181818,0.7727272727272727,0.5596590909090909,0.3,0.7159961329664609
695.0,0.8693181818181818,0.8210227272727273,0.38920454545454547,0.8693181818181818,0.8806818181818182,0.7613636363636364,0.6846590909090909,0.6505681818181818,0.7727272727272727,0.4403409090909091,0.2,-0.21791371415822966
750.0,0.8693181818181818,0.8210227272727273,0.38920454545454547,0.13068181818181818,0.8806818181818182,0.7613636363636364,0.6846590909090909,0.6505681818181818,0.7727272727272727,0.5596590909090909,1.7333333333333334,0.29623176704310045
730.0,0.8693181818181818,0.17897727272727273,0.1590909090909091,0.8693181818181818,0.8806818181818182,0.7613636363636364,0.6846590909090909,0.3494318181818182,0.22727272727272727,0.4403409090909091,0.03333333333333333,0.3035833802547568
690.0,0.8693181818181818,0.8210227272727273,0.38920454545454547,0.8693181818181818,0.8806818181818182,0.7613636363636364,0.6846590909090909,0.6505681818181818,0.7727272727272727,0.5596590909090909,0.8666666666666667,0.305623134209436
750.0,0.8693181818181818,0.17897727272727273,0.3210227272727273,0.8693181818181818,0.8806818181818182,0.23863636363636365,0.6846590909090909,0.3494318181818182,0.7727272727272727,0.4403409090909091,-0.4666666666666667,-0.36218381157772844
650.0,0.8693181818181818,0.8210227272727273,0.38920454545454547,0.13068181818181818,0.11931818181818182,0.7613636363636364,0.6846590909090909,0.3494318181818182,0.7727272727272727,0.5596590909090909,0.9333333333333333,0.7897672343273593
600.0,0.13068181818181818,0.8210227272727273,0.13068181818181818,0.8693181818181818,0.8806818181818182,0.23863636363636365,0.6846590909090909,0.6505681818181818,0.7727272727272727,0.5596590909090909,-0.9,-0.3096601472447386
450.0,0.8693181818181818,0.8210227272727273,0.3210227272727273,0.8693181818181818,0.11931818181818182,0.23863636363636365,0.3153409090909091,0.3494318181818182,0.7727272727272727,0.5596590909090909,0.03333333333333333,0.862051015096304
723.0,0.13068181818181818,0.8210227272727273,0.13068181818181818,0.8693181818181818,0.8806818181818182,0.23863636363636365,0.3153409090909091,0.3494318181818182,0.7727272727272727,0.5596590909090909,-1.1333333333333333,0.13441128663854923
620.0,0.8693181818181818,0.8210227272727273,0.38920454545454547,0.13068181818181818,0.11931818181818182,0.7613636363636364,0.6846590909090909,0.3494318181818182,0.7727272727272727,0.5596590909090909,0.9333333333333333,0.7526267144025752
400.0,0.8693181818181818,0.8210227272727273,0.3210227272727273,0.8693181818181818,0.11931818181818182,0.23863636363636365,0.3153409090909091,0.3494318181818182,0.7727272727272727,0.5596590909090909,-0.13333333333333333,0.866003038383495
500.0,0.8693181818181818,0.8210227272727273,0.1590909090909091,0.13068181818181818,0.11931818181818182,0.7613636363636364,0.3153409090909091,0.6505681818181818,0.7727272727272727,0.5596590909090909,1.8666666666666667,1.9327943566807253
650.0,0.8693181818181818,0.8210227272727273,0.38920454545454547,0.13068181818181818,0.11931818181818182,0.7613636363636364,0.6846590909090909,0.6505681818181818,0.7727272727272727,0.5596590909090909,1.2,0.7901921830679174
725.0,0.8693181818181818,0.8210227272727273,0.3210227272727273,0.8693181818181818,0.8806818181818182,0.23863636363636365,0.6846590909090909,0.3494318181818182,0.7727272727272727,0.5596590909090909,-0.3,-0.1321165634395351
750.0,0.8693181818181818,0.8210227272727273,0.1590909090909091,0.8693181818181818,0.8806818181818182,0.7613636363636364,0.6846590909090909,0.6505681818181818,0.7727272727272727,0.4403409090909091,0.36666666666666664,0.04376972027749153
550.0,0.8693181818181818,0.8210227272727273,0.1590909090909091,0.8693181818181818,0.11931818181818182,0.7613636363636364,0.6846590909090909,0.6505681818181818,0.7727272727272727,0.4403409090909091,1.5333333333333334,0.934292300991193
720.0,0.8693181818181818,0.8210227272727273,0.3210227272727273,0.8693181818181818,0.8806818181818182,0.7613636363636364,0.3153409090909091,0.3494318181818182,0.22727272727272727,0.4403409090909091,-0.16666666666666666,-0.43837712075980834
720.0,0.8693181818181818,0.17897727272727273,0.1590909090909091,0.8693181818181818,0.8806818181818182,0.7613636363636364,0.3153409090909091,0.3494318181818182,0.22727272727272727,0.4403409090909091,-0.3333333333333333,-0.2210158399643043
740.0,0.8693181818181818,0.8210227272727273,0.1590909090909091,0.8693181818181818,0.8806818181818182,0.7613636363636364,0.6846590909090909,0.6505681818181818,0.7727272727272727,0.5596590909090909,0.2,-0.21965600399451815
720.0,0.8693181818181818,0.17897727272727273,0.38920454545454547,0.8693181818181818,0.8806818181818182,0.7613636363636364,0.3153409090909091,0.3494318181818182,0.22727272727272727,0.4403409090909091,-0.1,-0.2941070233403096
650.0,0.8693181818181818,0.17897727272727273,0.3210227272727273,0.8693181818181818,0.8806818181818182,0.7613636363636364,0.6846590909090909,0.6505681818181818,0.7727272727272727,0.4403409090909091,-0.9333333333333333,-0.5271489126624102
650.0,0.8693181818181818,0.8210227272727273,0.38920454545454547,0.8693181818181818,0.8806818181818182,0.7613636363636364,0.3153409090909091,0.3494318181818182,0.22727272727272727,0.4403409090909091,1.2333333333333334,1.2893369737275442
690.0,0.8693181818181818,0.8210227272727273,0.38920454545454547,0.8693181818181818,0.8806818181818182,0.7613636363636364,0.6846590909090909,0.6505681818181818,0.7727272727272727,0.4403409090909091,0.16666666666666666,0.7233477461781173
750.0,0.13068181818181818,0.8210227272727273,0.13068181818181818,0.8693181818181818,0.8806818181818182,0.7613636363636364,0.6846590909090909,0.3494318181818182,0.7727272727272727,0.5596590909090909,-1.1333333333333333,-0.4434340107724506
725.0,0.8693181818181818,0.8210227272727273,0.3210227272727273,0.8693181818181818,0.8806818181818182,0.23863636363636365,0.6846590909090909,0.3494318181818182,0.7727272727272727,0.5596590909090909,-0.4666666666666667,-0.13190408906925602
620.0,0.8693181818181818,0.17897727272727273,0.3210227272727273,0.8693181818181818,0.8806818181818182,0.7613636363636364,0.3153409090909091,0.3494318181818182,0.22727272727272727,0.5596590909090909,0.8666666666666667,0.26155594981355373
590.0,0.8693181818181818,0.8210227272727273,0.3210227272727273,0.8693181818181818,0.8806818181818182,0.7613636363636364,0.6846590909090909,0.6505681818181818,0.7727272727272727,0.4403409090909091,-0.23333333333333334,1.3136865365615273
720.0,0.13068181818181818,0.8210227272727273,0.13068181818181818,0.8693181818181818,0.8806818181818182,0.7613636363636364,0.6846590909090909,0.6505681818181818,0.22727272727272727,0.5596590909090909,-0.7666666666666667,-0.32453335316427456
700.0,0.8693181818181818,0.8210227272727273,0.38920454545454547,0.8693181818181818,0.8806818181818182,0.7613636363636364,0.6846590909090909,0.6505681818181818,0.7727272727272727,0.4403409090909091,0.7666666666666667,1.2260196113843767
750.0,0.8693181818181818,0.17897727272727273,0.1590909090909091,0.13068181818181818,0.11931818181818182,0.7613636363636364,0.6846590909090909,0.6505681818181818,0.7727272727272727,0.5596590909090909,3.2,0.770772025624409
692.0,0.8693181818181818,0.8210227272727273,0.38920454545454547,0.13068181818181818,0.8806818181818182,0.23863636363636365,0.6846590909090909,0.3494318181818182,0.7727272727272727,0.5596590909090909,0.8,0.2839507484409693
670.0,0.8693181818181818,0.8210227272727273,0.38920454545454547,0.13068181818181818,0.8806818181818182,0.23863636363636365,0.6846590909090909,0.3494318181818182,0.7727272727272727,0.5596590909090909,0.6666666666666666,0.2839507484409693
609.0,0.8693181818181818,0.8210227272727273,0.3210227272727273,0.8693181818181818,0.8806818181818182,0.23863636363636365,0.6846590909090909,0.3494318181818182,0.7727272727272727,0.5596590909090909,-0.1,0.7043100426011112
718.0,0.8693181818181818,0.8210227272727273,0.38920454545454547,0.13068181818181818,0.8806818181818182,0.23863636363636365,0.6846590909090909,0.3494318181818182,0.7727272727272727,0.5596590909090909,0.9,0.2839507484409693
694.0,0.8693181818181818,0.8210227272727273,0.38920454545454547,0.13068181818181818,0.8806818181818182,0.23863636363636365,0.6846590909090909,0.3494318181818182,0.7727272727272727,0.5596590909090909,0.7333333333333333,0.2839507484409693
658.0,0.8693181818181818,0.8210227272727273,0.38920454545454547,0.13068181818181818,0.8806818181818182,0.23863636363636365,0.6846590909090909,0.3494318181818182,0.7727272727272727,0.5596590909090909,0.6333333333333333,0.2839507484409693
750.0,0.8693181818181818,0.17897727272727273,0.38920454545454547,0.8693181818181818,0.8806818181818182,0.23863636363636365,0.6846590909090909,0.6505681818181818,0.7727272727272727,0.5596590909090909,-0.7666666666666667,-0.4246087815657236
723.0,0.8693181818181818,0.8210227272727273,0.38920454545454547,0.13068181818181818,0.8806818181818182,0.23863636363636365,0.6846590909090909,0.3494318181818182,0.7727272727272727,0.5596590909090909,0.9666666666666667,0.2839507484409693
728.0,0.8693181818181818,0.8210227272727273,0.38920454545454547,0.13068181818181818,0.8806818181818182,0.23863636363636365,0.6846590909090909,0.3494318181818182,0.7727272727272727,0.5596590909090909,1.0666666666666667,0.2839507484409693
650.0,0.13068181818181818,0.8210227272727273,0.13068181818181818,0.8693181818181818,0.8806818181818182,0.7613636363636364,0.6846590909090909,0.6505681818181818,0.22727272727272727,0.4403409090909091,-1.0333333333333334,-0.3693654452931615
750.0,0.8693181818181818,0.17897727272727273,0.38920454545454547,0.8693181818181818,0.8806818181818182,0.7613636363636364,0.3153409090909091,0.6505681818181818,0.7727272727272727,0.4403409090909091,0.03333333333333333,0.682085223469919
735.0,0.8693181818181818,0.8210227272727273,0.1590909090909091,0.8693181818181818,0.8806818181818182,0.7613636363636364,0.3153409090909091,0.3494318181818182,0.22727272727272727,0.4403409090909091,0.03333333333333333,0.30910771388201297
725.0,0.8693181818181818,0.8210227272727273,0.1590909090909091,0.8693181818181818,0.8806818181818182,0.7613636363636364,0.3153409090909091,0.3494318181818182,0.22727272727272727,0.4403409090909091,0.26666666666666666,0.1520891542457691
740.0,0.8693181818181818,0.8210227272727273,0.1590909090909091,0.13068181818181818,0.8806818181818182,0.7613636363636364,0.3153409090909091,0.3494318181818182,0.22727272727272727,0.5596590909090909,0.6,0.6277767744265847
720.0,0.8693181818181818,0.8210227272727273,0.3210227272727273,0.8693181818181818,0.8806818181818182,0.23863636363636365,0.6846590909090909,0.3494318181818182,0.7727272727272727,0.5596590909090909,0.4666666666666667,0.8987240914064741
750.0,0.8693181818181818,0.8210227272727273,0.1590909090909091,0.8693181818181818,0.8806818181818182,0.23863636363636365,0.6846590909090909,0.6505681818181818,0.7727272727272727,0.5596590909090909,0.6666666666666666,-0.08006034272115926
710.0,0.8693181818181818,0.8210227272727273,0.1590909090909091,0.8693181818181818,0.8806818181818182,0.7613636363636364,0.3153409090909091,0.3494318181818182,0.22727272727272727,0.4403409090909091,0.23333333333333334,0.2964442414133795
725.0,0.8693181818181818,0.8210227272727273,0.38920454545454547,0.8693181818181818,0.8806818181818182,0.7613636363636364,0.3153409090909091,0.6505681818181818,0.22727272727272727,0.4403409090909091,0.1,-0.249189941463311
750.0,0.8693181818181818,0.17897727272727273,0.3210227272727273,0.8693181818181818,0.8806818181818182,0.23863636363636365,0.6846590909090909,0.6505681818181818,0.7727272727272727,0.4403409090909091,-0.43333333333333335,-0.3370693410107406
750.0,0.8693181818181818,0.8210227272727273,0.38920454545454547,0.8693181818181818,0.8806818181818182,0.23863636363636365,0.6846590909090909,0.6505681818181818,0.7727272727272727,0.5596590909090909,0.06666666666666667,-0.4441139287573436
495.0,0.8693181818181818,0.17897727272727273,0.1590909090909091,0.13068181818181818,0.11931818181818182,0.7613636363636364,0.6846590909090909,0.6505681818181818,0.7727272727272727,0.5596590909090909,1.0333333333333334,1.09148084012366
720.0,0.8693181818181818,0.17897727272727273,0.38920454545454547,0.8693181818181818,0.8806818181818182,0.7613636363636364,0.3153409090909091,0.3494318181818182,0.22727272727272727,0.5596590909090909,1.7,0.3316724920056518
720.0,0.8693181818181818,0.17897727272727273,0.38920454545454547,0.8693181818181818,0.8806818181818182,0.7613636363636364,0.3153409090909091,0.3494318181818182,0.22727272727272727,0.4403409090909091,-0.36666666666666664,-0.427540927875575
700.0,0.8693181818181818,0.17897727272727273,0.38920454545454547,0.8693181818181818,0.8806818181818182,0.7613636363636364,0.3153409090909091,0.3494318181818182,0.22727272727272727,0.4403409090909091,-0.06666666666666667,-0.22105833483836013
610.0,0.13068181818181818,0.17897727272727273,0.13068181818181818,0.8693181818181818,0.8806818181818182,0.7613636363636364,0.3153409090909091,0.3494318181818182,0.22727272727272727,0.5596590909090909,-1.1,-0.3513901135675509
740.0,0.8693181818181818,0.17897727272727273,0.38920454545454547,0.8693181818181818,0.8806818181818182,0.7613636363636364,0.3153409090909091,0.3494318181818182,0.22727272727272727,0.4403409090909091,-0.23333333333333334,0.166282442180412
715.0,0.8693181818181818,0.8210227272727273,0.38920454545454547,0.8693181818181818,0.8806818181818182,0.7613636363636364,0.6846590909090909,0.6505681818181818,0.22727272727272727,0.5596590909090909,0.1,0.5501386395266071
550.0,0.8693181818181818,0.17897727272727273,0.38920454545454547,0.8693181818181818,0.8806818181818182,0.7613636363636364,0.3153409090909091,0.3494318181818182,0.22727272727272727,0.4403409090909091,-0.06666666666666667,1.270979188135431
710.0,0.8693181818181818,0.8210227272727273,0.3210227272727273,0.8693181818181818,0.8806818181818182,0.7613636363636364,0.3153409090909091,0.3494318181818182,0.22727272727272727,0.4403409090909091,-0.7666666666666667,-0.5225594662643819
730.0,0.8693181818181818,0.8210227272727273,0.38920454545454547,0.8693181818181818,0.8806818181818182,0.7613636363636364,0.3153409090909091,0.3494318181818182,0.22727272727272727,0.4403409090909091,-0.26666666666666666,-0.23452920991405413
750.0,0.13068181818181818,0.8210227272727273,0.13068181818181818,0.8693181818181818,0.8806818181818182,0.7613636363636364,0.3153409090909091,0.6505681818181818,0.7727272727272727,0.5596590909090909,-1.2,-0.5203497328134794
690.0,0.8693181818181818,0.17897727272727273,0.3210227272727273,0.8693181818181818,0.8806818181818182,0.7613636363636364,0.3153409090909091,0.3494318181818182,0.22727272727272727,0.5596590909090909,-0.8666666666666667,-0.3561070445877466
740.0,0.8693181818181818,0.8210227272727273,0.1590909090909091,0.8693181818181818,0.8806818181818182,0.7613636363636364,0.3153409090909091,0.3494318181818182,0.22727272727272727,0.5596590909090909,0.4666666666666667,0.3495628339831508
720.0,0.8693181818181818,0.17897727272727273,0.1590909090909091,0.8693181818181818,0.8806818181818182,0.7613636363636364,0.3153409090909091,0.3494318181818182,0.22727272727272727,0.4403409090909091,-0.5,-0.2310021353674213
475.0,0.8693181818181818,0.8210227272727273,0.38920454545454547,0.13068181818181818,0.8806818181818182,0.7613636363636364,0.6846590909090909,0.6505681818181818,0.7727272727272727,0.5596590909090909,0.6666666666666666,1.3371012121662824
740.0,0.8693181818181818,0.8210227272727273,0.38920454545454547,0.8693181818181818,0.8806818181818182,0.7613636363636364,0.3153409090909091,0.3494318181818182,0.22727272727272727,0.4403409090909091,-0.6,-0.3750172635425852
740.0,0.8693181818181818,0.8210227272727273,0.3210227272727273,0.8693181818181818,0.8806818181818182,0.7613636363636364,0.3153409090909091,0.3494318181818182,0.22727272727272727,0.5596590909090909,-0.06666666666666667,-0.42367389433649566
740.0,0.8693181818181818,0.8210227272727273,0.38920454545454547,0.8693181818181818,0.8806818181818182,0.7613636363636364,0.6846590909090909,0.6505681818181818,0.22727272727272727,0.5596590909090909,0.1,0.5642469377131384
700.0,0.8693181818181818,0.17897727272727273,0.38920454545454547,0.8693181818181818,0.8806818181818182,0.7613636363636364,0.3153409090909091,0.3494318181818182,0.22727272727272727,0.4403409090909091,0.5,-0.15561622879240192
730.0,0.8693181818181818,0.17897727272727273,0.3210227272727273,0.8693181818181818,0.8806818181818182,0.7613636363636364,0.6846590909090909,0.6505681818181818,0.7727272727272727,0.5596590909090909,-0.8,-0.5461441213653603
700.0,0.13068181818181818,0.8210227272727273,0.13068181818181818,0.8693181818181818,0.8806818181818182,0.7613636363636364,0.6846590909090909,0.6505681818181818,0.7727272727272727,0.5596590909090909,-1.0333333333333334,-0.16623994730635616
470.0,0.8693181818181818,0.17897727272727273,0.3210227272727273,0.8693181818181818,0.11931818181818182,0.7613636363636364,0.6846590909090909,0.6505681818181818,0.7727272727272727,0.5596590909090909,0.7,1.9436730444390145
550.0,0.8693181818181818,0.8210227272727273,0.38920454545454547,0.8693181818181818,0.11931818181818182,0.7613636363636364,0.6846590909090909,0.6505681818181818,0.7727272727272727,0.5596590909090909,0.5666666666666667,1.0594821999596298
750.0,0.8693181818181818,0.8210227272727273,0.38920454545454547,0.13068181818181818,0.8806818181818182,0.7613636363636364,0.6846590909090909,0.6505681818181818,0.7727272727272727,0.5596590909090909,1.6666666666666667,0.4607719193872239
749.0,0.8693181818181818,0.8210227272727273,0.3210227272727273,0.8693181818181818,0.8806818181818182,0.23863636363636365,0.6846590909090909,0.6505681818181818,0.22727272727272727,0.5596590909090909,-0.7,-0.30196857504063573
700.0,0.13068181818181818,0.17897727272727273,0.13068181818181818,0.8693181818181818,0.8806818181818182,0.7613636363636364,0.6846590909090909,0.6505681818181818,0.7727272727272727,0.5596590909090909,-0.9666666666666667,-0.4759850842992064
667.0,0.8693181818181818,0.8210227272727273,0.3210227272727273,0.8693181818181818,0.8806818181818182,0.23863636363636365,0.6846590909090909,0.6505681818181818,0.7727272727272727,0.5596590909090909,0.36666666666666664,0.3218136812247023
725.0,0.8693181818181818,0.17897727272727273,0.3210227272727273,0.8693181818181818,0.8806818181818182,0.7613636363636364,0.6846590909090909,0.6505681818181818,0.7727272727272727,0.5596590909090909,-0.4666666666666667,-0.1365785252153959
695.0,0.8693181818181818,0.8210227272727273,0.1590909090909091,0.8693181818181818,0.8806818181818182,0.7613636363636364,0.3153409090909091,0.3494318181818182,0.22727272727272727,0.4403409090909091,-0.13333333333333333,0.2614709600654421
675.0,0.8693181818181818,0.8210227272727273,0.38920454545454547,0.13068181818181818,0.11931818181818182,0.7613636363636364,0.6846590909090909,0.6505681818181818,0.7727272727272727,0.5596590909090909,0.8333333333333334,0.7596808634958409
750.0,0.8693181818181818,0.8210227272727273,0.1590909090909091,0.8693181818181818,0.8806818181818182,0.7613636363636364,0.6846590909090909,0.6505681818181818,0.7727272727272727,0.4403409090909091,1.5333333333333334,0.645837095900307
699.0,0.8693181818181818,0.8210227272727273,0.3210227272727273,0.8693181818181818,0.8806818181818182,0.23863636363636365,0.6846590909090909,0.6505681818181818,0.7727272727272727,0.5596590909090909,-0.23333333333333334,-0.27706657884392694
750.0,0.13068181818181818,0.8210227272727273,0.13068181818181818,0.8693181818181818,0.8806818181818182,0.7613636363636364,0.3153409090909091,0.6505681818181818,0.7727272727272727,0.5596590909090909,-0.9,-0.36571088612436126
730.0,0.8693181818181818,0.8210227272727273,0.1590909090909091,0.8693181818181818,0.8806818181818182,0.7613636363636364,0.6846590909090909,0.6505681818181818,0.7727272727272727,0.4403409090909091,0.7,0.9417713988250167
340.0,0.8693181818181818,0.8210227272727273,0.3210227272727273,0.8693181818181818,0.11931818181818182,0.7613636363636364,0.6846590909090909,0.3494318181818182,0.7727272727272727,0.4403409090909091,-0.3,1.9274400025496925
710.0,0.8693181818181818,0.8210227272727273,0.3210227272727273,0.8693181818181818,0.8806818181818182,0.7613636363636364,0.3153409090909091,0.3494318181818182,0.22727272727272727,0.4403409090909091,-0.9666666666666667,-0.5293161512392568
650.0,0.8693181818181818,0.8210227272727273,0.3210227272727273,0.8693181818181818,0.8806818181818182,0.23863636363636365,0.6846590909090909,0.6505681818181818,0.7727272727272727,0.5596590909090909,-0.03333333333333333,-0.3267005917411212
740.0,0.8693181818181818,0.8210227272727273,0.38920454545454547,0.8693181818181818,0.8806818181818182,0.7613636363636364,0.3153409090909091,0.3494318181818182,0.22727272727272727,0.4403409090909091,-0.6,-0.2232680682892626
525.0,0.8693181818181818,0.8210227272727273,0.3210227272727273,0.8693181818181818,0.8806818181818182,0.7613636363636364,0.3153409090909091,0.3494318181818182,0.22727272727272727,0.5596590909090909,-0.6333333333333333,1.2513465563216437
750.0,0.13068181818181818,0.8210227272727273,0.13068181818181818,0.8693181818181818,0.8806818181818182,0.7613636363636364,0.6846590909090909,0.6505681818181818,0.7727272727272727,0.4403409090909091,-0.8,-0.524386745848782
750.0,0.8693181818181818,0.8210227272727273,0.1590909090909091,0.8693181818181818,0.8806818181818182,0.7613636363636364,0.3153409090909091,0.3494318181818182,0.22727272727272727,0.5596590909090909,0.5,0.6643223661145874
685.0,0.8693181818181818,0.8210227272727273,0.38920454545454547,0.13068181818181818,0.11931818181818182,0.7613636363636364,0.6846590909090909,0.6505681818181818,0.7727272727272727,0.5596590909090909,0.8333333333333334,0.7905321420603639
710.0,0.8693181818181818,0.8210227272727273,0.1590909090909091,0.8693181818181818,0.8806818181818182,0.7613636363636364,0.3153409090909091,0.3494318181818182,0.22727272727272727,0.5596590909090909,0.3333333333333333,0.6301139924996547
560.0,0.13068181818181818,0.8210227272727273,0.13068181818181818,0.8693181818181818,0.8806818181818182,0.7613636363636364,0.3153409090909091,0.3494318181818182,0.22727272727272727,0.4403409090909091,-0.43333333333333335,-0.417554632472458
600.0,0.8693181818181818,0.8210227272727273,0.3210227272727273,0.8693181818181818,0.8806818181818182,0.7613636363636364,0.6846590909090909,0.6505681818181818,0.7727272727272727,0.4403409090909091,-0.5666666666666667,0.22492536837743948
460.0,0.8693181818181818,0.8210227272727273,0.3210227272727273,0.8693181818181818,0.11931818181818182,0.7613636363636364,0.6846590909090909,0.6505681818181818,0.7727272727272727,0.5596590909090909,0.8666666666666667,1.045288912024987
720.0,0.8693181818181818,0.8210227272727273,0.3210227272727273,0.8693181818181818,0.8806818181818182,0.7613636363636364,0.6846590909090909,0.3494318181818182,0.7727272727272727,0.4403409090909091,-0.5,-0.42592612266145397
750.0,0.8693181818181818,0.8210227272727273,0.38920454545454547,0.8693181818181818,0.8806818181818182,0.7613636363636364,0.6846590909090909,0.6505681818181818,0.7727272727272727,0.4403409090909091,0.03333333333333333,-0.46833600696915934
750.0,0.8693181818181818,0.17897727272727273,0.3210227272727273,0.8693181818181818,0.8806818181818182,0.23863636363636365,0.6846590909090909,0.6505681818181818,0.7727272727272727,0.5596590909090909,-0.5666666666666667,-0.46106938350561466
750.0,0.13068181818181818,0.8210227272727273,0.13068181818181818,0.8693181818181818,0.8806818181818182,0.7613636363636364,0.6846590909090909,0.6505681818181818,0.7727272727272727,0.5596590909090909,1.0333333333333334,-0.2712872759723358
650.0,0.13068181818181818,0.17897727272727273,0.13068181818181818,0.8693181818181818,0.8806818181818182,0.23863636363636365,0.3153409090909091,0.3494318181818182,0.7727272727272727,0.5596590909090909,-0.4666666666666667,-0.41666224011728586
650.0,0.8693181818181818,0.8210227272727273,0.3210227272727273,0.8693181818181818,0.8806818181818182,0.7613636363636364,0.3153409090909091,0.6505681818181818,0.7727272727272727,0.5596590909090909,0.0,0.29852649024211453
670.0,0.8693181818181818,0.8210227272727273,0.38920454545454547,0.8693181818181818,0.8806818181818182,0.7613636363636364,0.6846590909090909,0.6505681818181818,0.7727272727272727,0.5596590909090909,0.5333333333333333,0.571301086806404
650.0,0.8693181818181818,0.8210227272727273,0.3210227272727273,0.8693181818181818,0.8806818181818182,0.23863636363636365,0.6846590909090909,0.3494318181818182,0.7727272727272727,0.5596590909090909,-0.4666666666666667,-0.05222620021459912
750.0,0.8693181818181818,0.8210227272727273,0.3210227272727273,0.8693181818181818,0.8806818181818182,0.7613636363636364,0.6846590909090909,0.6505681818181818,0.7727272727272727,0.5596590909090909,-0.9,-0.35156009306377417
620.0,0.13068181818181818,0.17897727272727273,0.13068181818181818,0.8693181818181818,0.8806818181818182,0.23863636363636365,0.6846590909090909,0.6505681818181818,0.7727272727272727,0.5596590909090909,-1.3,-0.4979974290601196
400.0,0.8693181818181818,0.8210227272727273,0.1590909090909091,0.13068181818181818,0.11931818181818182,0.7613636363636364,0.6846590909090909,0.3494318181818182,0.7727272727272727,0.5596590909090909,1.3666666666666667,1.5434563205813299
680.0,0.8693181818181818,0.8210227272727273,0.3210227272727273,0.8693181818181818,0.8806818181818182,0.23863636363636365,0.6846590909090909,0.6505681818181818,0.7727272727272727,0.4403409090909091,-0.8,-0.4378671822711385
750.0,0.8693181818181818,0.8210227272727273,0.1590909090909091,0.8693181818181818,0.8806818181818182,0.7613636363636364,0.6846590909090909,0.6505681818181818,0.7727272727272727,0.5596590909090909,0.9333333333333333,-0.046446897343008
670.0,0.8693181818181818,0.8210227272727273,0.3210227272727273,0.8693181818181818,0.8806818181818182,0.23863636363636365,0.6846590909090909,0.3494318181818182,0.7727272727272727,0.5596590909090909,-0.2,-0.05222620021459912
750.0,0.8693181818181818,0.8210227272727273,0.38920454545454547,0.8693181818181818,0.8806818181818182,0.7613636363636364,0.6846590909090909,0.6505681818181818,0.7727272727272727,0.4403409090909091,0.36666666666666664,-0.042409884307705384
660.0,0.8693181818181818,0.8210227272727273,0.38920454545454547,0.13068181818181818,0.11931818181818182,0.7613636363636364,0.6846590909090909,0.6505681818181818,0.7727272727272727,0.5596590909090909,1.0666666666666667,0.7933792986221037
695.0,0.8693181818181818,0.17897727272727273,0.3210227272727273,0.8693181818181818,0.8806818181818182,0.7613636363636364,0.3153409090909091,0.3494318181818182,0.22727272727272727,0.5596590909090909,-0.03333333333333333,-0.33796173336591273
710.0,0.8693181818181818,0.8210227272727273,0.3210227272727273,0.8693181818181818,0.8806818181818182,0.7613636363636364,0.6846590909090909,0.6505681818181818,0.7727272727272727,0.5596590909090909,0.23333333333333334,0.4844840591103698
620.0,0.8693181818181818,0.8210227272727273,0.38920454545454547,0.8693181818181818,0.8806818181818182,0.7613636363636364,0.6846590909090909,0.6505681818181818,0.7727272727272727,0.4403409090909091,0.7,1.5157071678228813
500.0,0.8693181818181818,0.8210227272727273,0.1590909090909091,0.8693181818181818,0.11931818181818182,0.7613636363636364,0.6846590909090909,0.6505681818181818,0.7727272727272727,0.4403409090909091,1.3666666666666667,1.9332618002953394
700.0,0.8693181818181818,0.8210227272727273,0.1590909090909091,0.8693181818181818,0.8806818181818182,0.23863636363636365,0.6846590909090909,0.6505681818181818,0.7727272727272727,0.4403409090909091,0.7,1.1598975873535255
715.0,0.8693181818181818,0.8210227272727273,0.1590909090909091,0.8693181818181818,0.8806818181818182,0.7613636363636364,0.6846590909090909,0.6505681818181818,0.7727272727272727,0.4403409090909091,1.0,1.0922882427307206
750.0,0.8693181818181818,0.8210227272727273,0.3210227272727273,0.8693181818181818,0.8806818181818182,0.23863636363636365,0.6846590909090909,0.6505681818181818,0.7727272727272727,0.5596590909090909,-0.3,-0.1023701516004632
750.0,0.8693181818181818,0.8210227272727273,0.3210227272727273,0.8693181818181818,0.8806818181818182,0.7613636363636364,0.6846590909090909,0.3494318181818182,0.7727272727272727,0.5596590909090909,-0.4666666666666667,-0.22037841685346704
430.0,0.8693181818181818,0.8210227272727273,0.3210227272727273,0.8693181818181818,0.11931818181818182,0.7613636363636364,0.3153409090909091,0.6505681818181818,0.7727272727272727,0.5596590909090909,0.03333333333333333,1.1259441829829278
550.0,0.13068181818181818,0.17897727272727273,0.13068181818181818,0.8693181818181818,0.8806818181818182,0.7613636363636364,0.6846590909090909,0.6505681818181818,0.7727272727272727,0.4403409090909091,-1.1333333333333333,-0.3808390612882321
730.0,0.8693181818181818,0.8210227272727273,0.3210227272727273,0.8693181818181818,0.8806818181818182,0.7613636363636364,0.6846590909090909,0.6505681818181818,0.7727272727272727,0.4403409090909091,0.03333333333333333,0.6030447577260993
700.0,0.8693181818181818,0.8210227272727273,0.3210227272727273,0.8693181818181818,0.8806818181818182,0.7613636363636364,0.6846590909090909,0.6505681818181818,0.7727272727272727,0.4403409090909091,-0.4666666666666667,0.011686090365349679
680.0,0.8693181818181818,0.8210227272727273,0.38920454545454547,0.8693181818181818,0.8806818181818182,0.7613636363636364,0.6846590909090909,0.6505681818181818,0.7727272727272727,0.5596590909090909,0.8666666666666667,-0.013130916083247459
700.0,0.8693181818181818,0.8210227272727273,0.38920454545454547,0.13068181818181818,0.11931818181818182,0.23863636363636365,0.6846590909090909,0.6505681818181818,0.7727272727272727,0.5596590909090909,1.2666666666666666,0.794484165347555
600.0,0.8693181818181818,0.17897727272727273,0.3210227272727273,0.8693181818181818,0.8806818181818182,0.23863636363636365,0.3153409090909091,0.6505681818181818,0.7727272727272727,0.4403409090909091,-1.0333333333333334,-0.39069787206918166
620.0,0.8693181818181818,0.8210227272727273,0.38920454545454547,0.13068181818181818,0.11931818181818182,0.23863636363636365,0.6846590909090909,0.6505681818181818,0.7727272727272727,0.5596590909090909,1.2666666666666666,0.7507144450700635
550.0,0.8693181818181818,0.8210227272727273,0.38920454545454547,0.13068181818181818,0.11931818181818182,0.7613636363636364,0.6846590909090909,0.3494318181818182,0.7727272727272727,0.5596590909090909,0.6666666666666666,1.6866215512753775
750.0,0.8693181818181818,0.8210227272727273,0.38920454545454547,0.8693181818181818,0.8806818181818182,0.7613636363636364,0.6846590909090909,0.6505681818181818,0.7727272727272727,0.4403409090909091,0.7,0.7386883957122672
700.0,0.8693181818181818,0.8210227272727273,0.3210227272727273,0.8693181818181818,0.8806818181818182,0.7613636363636364,0.6846590909090909,0.6505681818181818,0.7727272727272727,0.5596590909090909,0.1,-0.024307067959927334
690.0,0.8693181818181818,0.8210227272727273,0.38920454545454547,0.8693181818181818,0.8806818181818182,0.23863636363636365,0.6846590909090909,0.6505681818181818,0.7727272727272727,0.5596590909090909,0.6,-0.2689500578992659
700.0,0.8693181818181818,0.8210227272727273,0.3210227272727273,0.8693181818181818,0.8806818181818182,0.7613636363636364,0.6846590909090909,0.6505681818181818,0.7727272727272727,0.4403409090909091,-0.3,-0.24511043355395257
750.0,0.8693181818181818,0.8210227272727273,0.38920454545454547,0.8693181818181818,0.8806818181818182,0.23863636363636365,0.6846590909090909,0.6505681818181818,0.7727272727272727,0.5596590909090909,0.9333333333333333,0.006841674722986539
650.0,0.8693181818181818,0.8210227272727273,0.1590909090909091,0.13068181818181818,0.11931818181818182,0.7613636363636364,0.6846590909090909,0.6505681818181818,0.7727272727272727,0.5596590909090909,3.9,1.224319816422144
735.0,0.8693181818181818,0.8210227272727273,0.3210227272727273,0.8693181818181818,0.8806818181818182,0.7613636363636364,0.6846590909090909,0.6505681818181818,0.7727272727272727,0.5596590909090909,-0.26666666666666666,0.017465393236940793
700.0,0.8693181818181818,0.8210227272727273,0.1590909090909091,0.8693181818181818,0.8806818181818182,0.23863636363636365,0.6846590909090909,0.6505681818181818,0.7727272727272727,0.5596590909090909,0.7,0.17699115044247787
725.0,0.8693181818181818,0.8210227272727273,0.1590909090909091,0.8693181818181818,0.8806818181818182,0.7613636363636364,0.6846590909090909,0.6505681818181818,0.7727272727272727,0.4403409090909091,0.5333333333333333,0.11197399313707784
733.0,0.8693181818181818,0.8210227272727273,0.38920454545454547,0.8693181818181818,0.8806818181818182,0.7613636363636364,0.6846590909090909,0.6505681818181818,0.7727272727272727,0.5596590909090909,0.3133333333333335,0.6344059747792923
750.0,0.8693181818181818,0.8210227272727273,0.3210227272727273,0.8693181818181818,0.8806818181818182,0.7613636363636364,0.3153409090909091,0.6505681818181818,0.7727272727272727,0.5596590909090909,-0.7666666666666667,-0.39838944427328454
675.0,0.8693181818181818,0.8210227272727273,0.38920454545454547,0.8693181818181818,0.8806818181818182,0.23863636363636365,0.6846590909090909,0.6505681818181818,0.7727272727272727,0.4403409090909091,0.3333333333333333,-0.33808921798808017
650.0,0.8693181818181818,0.8210227272727273,0.38920454545454547,0.8693181818181818,0.8806818181818182,0.23863636363636365,0.3153409090909091,0.6505681818181818,0.7727272727272727,0.4403409090909091,0.8666666666666667,1.2516440204400343
730.0,0.8693181818181818,0.8210227272727273,0.3210227272727273,0.8693181818181818,0.8806818181818182,0.7613636363636364,0.3153409090909091,0.6505681818181818,0.7727272727272727,0.5596590909090909,-0.23333333333333334,-0.32861286107363297
700.0,0.8693181818181818,0.8210227272727273,0.3210227272727273,0.8693181818181818,0.8806818181818182,0.23863636363636365,0.6846590909090909,0.6505681818181818,0.7727272727272727,0.5596590909090909,1.2666666666666666,0.4671461504955965
650.0,0.8693181818181818,0.17897727272727273,0.38920454545454547,0.13068181818181818,0.11931818181818182,0.7613636363636364,0.6846590909090909,0.6505681818181818,0.7727272727272727,0.5596590909090909,0.9333333333333333,0.7574711300449384
690.0,0.13068181818181818,0.17897727272727273,0.13068181818181818,0.8693181818181818,0.8806818181818182,0.7613636363636364,0.3153409090909091,0.3494318181818182,0.22727272727272727,0.5596590909090909,-0.7,-0.3320549458721542
700.0,0.8693181818181818,0.8210227272727273,0.38920454545454547,0.8693181818181818,0.8806818181818182,0.23863636363636365,0.6846590909090909,0.6505681818181818,0.7727272727272727,0.4403409090909091,0.36666666666666664,1.2558935078456162
700.0,0.13068181818181818,0.17897727272727273,0.13068181818181818,0.8693181818181818,0.8806818181818182,0.7613636363636364,0.6846590909090909,0.6505681818181818,0.7727272727272727,0.4403409090909091,-1.1333333333333333,-0.5490762676752117
690.0,0.8693181818181818,0.8210227272727273,0.38920454545454547,0.8693181818181818,0.8806818181818182,0.7613636363636364,0.6846590909090909,0.6505681818181818,0.7727272727272727,0.4403409090909091,0.03333333333333333,0.6541235963411913
700.0,0.13068181818181818,0.8210227272727273,0.13068181818181818,0.8693181818181818,0.8806818181818182,0.7613636363636364,0.3153409090909091,0.6505681818181818,0.7727272727272727,0.4403409090909091,-0.26666666666666666,-0.21846614752095528
670.0,0.8693181818181818,0.8210227272727273,0.3210227272727273,0.8693181818181818,0.8806818181818182,0.7613636363636364,0.6846590909090909,0.6505681818181818,0.7727272727272727,0.5596590909090909,0.06666666666666667,0.9146596691774055
750.0,0.8693181818181818,0.8210227272727273,0.38920454545454547,0.8693181818181818,0.8806818181818182,0.7613636363636364,0.6846590909090909,0.6505681818181818,0.7727272727272727,0.5596590909090909,0.7,0.4875436900423886
740.0,0.13068181818181818,0.8210227272727273,0.13068181818181818,0.8693181818181818,0.8806818181818182,0.7613636363636364,0.6846590909090909,0.6505681818181818,0.7727272727272727,0.5596590909090909,-0.8666666666666667,-0.22479788375527202
750.0,0.8693181818181818,0.8210227272727273,0.38920454545454547,0.8693181818181818,0.8806818181818182,0.7613636363636364,0.6846590909090909,0.3494318181818182,0.7727272727272727,0.4403409090909091,0.1,-0.3360919589074568
750.0,0.13068181818181818,0.8210227272727273,0.13068181818181818,0.8693181818181818,0.8806818181818182,0.23863636363636365,0.3153409090909091,0.6505681818181818,0.7727272727272727,0.5596590909090909,0.36666666666666664,0.11307885986252908
650.0,0.13068181818181818,0.8210227272727273,0.13068181818181818,0.8693181818181818,0.8806818181818182,0.7613636363636364,0.6846590909090909,0.6505681818181818,0.7727272727272727,0.4403409090909091,-1.0333333333333334,-0.34901040062042515
625.0,0.8693181818181818,0.8210227272727273,0.3210227272727273,0.8693181818181818,0.8806818181818182,0.7613636363636364,0.3153409090909091,0.6505681818181818,0.7727272727272727,0.5596590909090909,-0.26666666666666666,0.48435657448820235
700.0,0.8693181818181818,0.8210227272727273,0.3210227272727273,0.8693181818181818,0.8806818181818182,0.7613636363636364,0.3153409090909091,0.6505681818181818,0.7727272727272727,0.5596590909090909,-0.8,-0.4821468410372999
525.0,0.8693181818181818,0.8210227272727273,0.3210227272727273,0.8693181818181818,0.11931818181818182,0.7613636363636364,0.6846590909090909,0.6505681818181818,0.7727272727272727,0.5596590909090909,-0.06666666666666667,0.8900976319731433
750.0,0.8693181818181818,0.8210227272727273,0.38920454545454547,0.13068181818181818,0.8806818181818182,0.7613636363636364,0.6846590909090909,0.6505681818181818,0.7727272727272727,0.4403409090909091,1.2,0.7286596054350943
600.0,0.13068181818181818,0.17897727272727273,0.13068181818181818,0.8693181818181818,0.8806818181818182,0.7613636363636364,0.3153409090909091,0.6505681818181818,0.7727272727272727,0.4403409090909091,-1.1333333333333333,-0.41644976574700676
480.0,0.8693181818181818,0.8210227272727273,0.38920454545454547,0.8693181818181818,0.11931818181818182,0.7613636363636364,0.6846590909090909,0.6505681818181818,0.7727272727272727,0.4403409090909091,0.7,1.348149879420795
750.0,0.8693181818181818,0.8210227272727273,0.38920454545454547,0.13068181818181818,0.8806818181818182,0.7613636363636364,0.3153409090909091,0.6505681818181818,0.7727272727272727,0.5596590909090909,1.0,-0.03119123755696969
700.0,0.8693181818181818,0.8210227272727273,0.3210227272727273,0.8693181818181818,0.8806818181818182,0.7613636363636364,0.3153409090909091,0.6505681818181818,0.7727272727272727,0.5596590909090909,-0.13333333333333333,0.7815657236345865
750.0,0.8693181818181818,0.8210227272727273,0.1590909090909091,0.13068181818181818,0.8806818181818182,0.7613636363636364,0.6846590909090909,0.6505681818181818,0.7727272727272727,0.5596590909090909,1.0333333333333334,0.6426924752201766
750.0,0.8693181818181818,0.8210227272727273,0.38920454545454547,0.8693181818181818,0.8806818181818182,0.7613636363636364,0.6846590909090909,0.6505681818181818,0.7727272727272727,0.5596590909090909,-0.36666666666666664,-0.28811524609843936
625.0,0.8693181818181818,0.8210227272727273,0.38920454545454547,0.8693181818181818,0.8806818181818182,0.7613636363636364,0.6846590909090909,0.6505681818181818,0.7727272727272727,0.4403409090909091,-0.06666666666666667,1.2763335422664641
750.0,0.8693181818181818,0.8210227272727273,0.3210227272727273,0.8693181818181818,0.8806818181818182,0.7613636363636364,0.6846590909090909,0.3494318181818182,0.7727272727272727,0.4403409090909091,-0.43333333333333335,0.1068746082503798
695.0,0.8693181818181818,0.8210227272727273,0.3210227272727273,0.8693181818181818,0.8806818181818182,0.23863636363636365,0.6846590909090909,0.6505681818181818,0.7727272727272727,0.5596590909090909,0.0,-0.21319678313803397
450.0,0.8693181818181818,0.8210227272727273,0.3210227272727273,0.8693181818181818,0.8806818181818182,0.7613636363636364,0.3153409090909091,0.6505681818181818,0.7727272727272727,0.4403409090909091,-0.6333333333333333,1.3879250815370396
720.0,0.8693181818181818,0.8210227272727273,0.38920454545454547,0.8693181818181818,0.8806818181818182,0.7613636363636364,0.3153409090909091,0.6505681818181818,0.7727272727272727,0.4403409090909091,-0.03333333333333333,-0.006841674722986539
745.0,0.8693181818181818,0.8210227272727273,0.38920454545454547,0.8693181818181818,0.8806818181818182,0.7613636363636364,0.6846590909090909,0.6505681818181818,0.7727272727272727,0.5596590909090909,0.4666666666666667,0.6454121471597488
720.0,0.8693181818181818,0.8210227272727273,0.38920454545454547,0.8693181818181818,0.8806818181818182,0.7613636363636364,0.6846590909090909,0.6505681818181818,0.7727272727272727,0.5596590909090909,0.35333333333333317,0.6379330493259251
750.0,0.8693181818181818,0.8210227272727273,0.38920454545454547,0.8693181818181818,0.8806818181818182,0.7613636363636364,0.6846590909090909,0.6505681818181818,0.7727272727272727,0.4403409090909091,-0.13333333333333333,-0.26134347544327463
720.0,0.13068181818181818,0.8210227272727273,0.13068181818181818,0.8693181818181818,0.8806818181818182,0.23863636363636365,0.6846590909090909,0.6505681818181818,0.7727272727272727,0.5596590909090909,-0.36666666666666664,-0.331629997131596
725.0,0.13068181818181818,0.17897727272727273,0.13068181818181818,0.8693181818181818,0.8806818181818182,0.23863636363636365,0.6846590909090909,0.6505681818181818,0.7727272727272727,0.5596590909090909,-0.5,-0.5299960692241499
750.0,0.8693181818181818,0.17897727272727273,0.38920454545454547,0.8693181818181818,0.8806818181818182,0.23863636363636365,0.6846590909090909,0.6505681818181818,0.7727272727272727,0.5596590909090909,0.7,-0.2380137895866311
550.0,0.8693181818181818,0.8210227272727273,0.38920454545454547,0.8693181818181818,0.8806818181818182,0.7613636363636364,0.6846590909090909,0.6505681818181818,0.7727272727272727,0.5596590909090909,0.9,1.4378565585526246
640.0,0.8693181818181818,0.8210227272727273,0.38920454545454547,0.8693181818181818,0.8806818181818182,0.23863636363636365,0.6846590909090909,0.6505681818181818,0.7727272727272727,0.5596590909090909,0.3333333333333333,0.6671270278022714
700.0,0.8693181818181818,0.8210227272727273,0.3210227272727273,0.8693181818181818,0.8806818181818182,0.7613636363636364,0.3153409090909091,0.3494318181818182,0.22727272727272727,0.5596590909090909,-0.16666666666666666,-0.08311997365317808
700.0,0.8693181818181818,0.8210227272727273,0.3210227272727273,0.8693181818181818,0.8806818181818182,0.23863636363636365,0.6846590909090909,0.6505681818181818,0.7727272727272727,0.5596590909090909,0.0,-0.2584963188815349
700.0,0.8693181818181818,0.8210227272727273,0.38920454545454547,0.8693181818181818,0.8806818181818182,0.23863636363636365,0.6846590909090909,0.6505681818181818,0.7727272727272727,0.4403409090909091,0.5333333333333333,0.7116616558127676
695.0,0.8693181818181818,0.17897727272727273,0.38920454545454547,0.8693181818181818,0.8806818181818182,0.23863636363636365,0.6846590909090909,0.6505681818181818,0.7727272727272727,0.4403409090909091,0.1,0.06586705478651637
